{
    "accuracy": 0.7050233644859814,
    "precision": 0.7714736012608353,
    "recall": 0.5762213066509712,
    "auc": 0.782003565609779
}
